Position,Protein,Ref_Variant_Base,Ref_Variant_Protein,Synonymous,Mutation Rate
241,ORF1ab,C-T,-,upstream_gene_variant,High
913,ORF1ab,C-T,S216,synonymous_variant,High
2453,ORF1ab,C-T,L730F,missense_variant,Middle
3037,ORF1ab,C-T,F924,synonymous_variant,High
3267,ORF1ab,C-T,T1001I,missense_variant,High
5388,ORF1ab,C-A,A1708D,missense_variant,High
5986,ORF1ab,C-T,F1907,synonymous_variant,High
6174,ORF1ab,T-G,I1970S,missense_variant,Low
6954,ORF1ab,T-C,I2230T,missense_variant,High
11287,ORF1ab,GTCTGGTTTT-G,S3657F,conservative_inframe_deletion,High
11291,ORF1ab,G-A,G3676S,missense_variant,High
11296,ORF1ab,T-G,F3677L,missense_variant,High
14408,ORF1ab,C-T,F4715L,missense_variant,High
14676,ORF1ab,C-T,P4804,synonymous_variant,High
14925,ORF1ab,C-T,V4877,synonymous_variant,Middle
15096,ORF1ab,T-C,N4944,synonymous_variant,Middle
15279,ORF1ab,C-T,H5005,synonymous_variant,High
16176,ORF1ab,T-C,T5304,synonymous_variant,High
17615,ORF1ab,A-G,K5784R,missense_variant,Low
19551,ORF1ab,T-C,A-A,synonymous_variant,Low
20465,ORF1ab,A-G,D6734G,missense_variant,Low
21764,S,ATACATGT-AT,H-V,disruptive_inframe_deletion,High
21770,S,G-A,V-I,missense_variant,Low
21990,S,TTTATTA-TTTA,Y145*,disruptive_inframe_deletion,High
21992,S,TA-T,Y145*,frameshift_variant,Middle
23063,S,A-T,N501Y,missense_variant,High
23271,S,C-A,A570D,missense_variant,High
23403,S,A-G,D614G,missense_variant,High
23604,S,C-A,P671H,missense_variant,High
23709,S,C-T,T716I,missense_variant,High
24506,S,T-G,S982A,missense_variant,High
24914,S,G-C,D1118H,missense_variant,High
26466,E,G-T,L74,synonymous_variant,Low
26467,E,G-C,V75L,missense_variant,Low
27039,M,T-A,S173T,missense_variant,Low
27040,M,C-A,S173*,stop_gained,Low
27972,ORF8,C-T,Q27*,stop_gained,High
28048,ORF8,G-T,R52I,missense_variant,High
28095,ORF8,A-T,K68*,stop_gained,Low
28111,ORF8,A-G,Y73C,missense_variant,High
28270,N,TAAAA-TAAA,M1,frameshift_variant&start_lost,High
28280,N,G-C,D3H,missense_variant,High
28281,N,A-T,D3V,missense_variant,High
28282,N,T-A,D3E,missense_variant,High
28881,N,G-A,R203L,missense_variant,High
28882,N,G-A,R203L,synonymous_variant,High
28883,N,G-C,G204R,missense_variant,High
28977,N,C-T,S235F,missense_variant,High
